decision,raw_name,receipt_price,rank,score,evidence,catalog_name,brand,pack_size,catalog_price,article_number,url
,Alnatura Chiasamen,3.99,1,5.5,search#1 brand:alnatura price:3.99,Bio Chia Samen,Alnatura,"0,5 kg (7,98 € / 1 kg)",3.99,4104420249967,https://produkte.globus.de/obst-gemuese/trockenobst-nuesse-kerne/trockenobst/4104420249967/bio-chia-samen
,Alnatura Chiasamen,3.99,2,4.7,search#2 brand:alnatura,Bio Chia Samen,Alnatura,"0,2 kg (12,45 € / 1 kg)",,4104420244092,https://produkte.globus.de/brot-backwaren-fruehstueck/backzutaten/nuesse-zum-backen/4104420244092/bio-chia-samen
,Alnatura Chiasamen,3.99,3,4.4,search#3 brand:alnatura,"Bio Leinsamen, geschrotet",Alnatura,"0,2 kg (7,45 € / 1 kg)",1.49,4104420241848,https://produkte.globus.de/obst-gemuese/trockenobst-nuesse-kerne/kerne-nuesse-samen/4104420241848/bio-leinsamen-geschrotet
,BIO MILCH LACT.FREI,1.89,1,5.0,search#1 name:bio+milch,"Bio H-Milch 1,5% 1L",Minus L,"1 l (1,99 € / 1 l)",1.99,4062800016779,https://produkte.globus.de/milchprodukte-eier/milch-molkereiprodukte/h-milch/4062800016779/bio-h-milch-1-5-1l
,BIO MILCH LACT.FREI,1.89,2,4.7,search#2 name:bio+milch,"Bio H-Milch 3,5% 1L",Minus L,"1 l (2,09 € / 1 l)",,4062800016854,https://produkte.globus.de/milchprodukte-eier/milch-molkereiprodukte/h-milch/4062800016854/bio-h-milch-3-5-1l
,BIO MILCH LACT.FREI,1.89,3,3.3,search#5 name:milch price:1.89,"Lactofree Milch 3,5%",Arla,"1 l (1,89 € / 1 l)",1.89,5711953031885,https://produkte.globus.de/milchprodukte-eier/laktosefrei/5711953031885/lactofree-milch-3-5
,Dove Dusche,2.49,1,7.0,search#1 name:dusche brand:dove,Dusche Fruchtig Leicht,Dove,"0,25 l (9,16 € / 1 l)",2.29,8720181848834,https://produkte.globus.de/koerperpflege-gesundheit-kosmetik/koerperpflege/duschgel/8720181848834/dusche-fruchtig-leicht
,Dove Dusche,2.49,2,6.7,search#2 name:dusche brand:dove,Dusche Sweet Treat,Dove,"0,25 l (9,16 € / 1 l)",2.29,8720181923883,https://produkte.globus.de/koerperpflege-gesundheit-kosmetik/koerperpflege/duschgel/8720181923883/dusche-sweet-treat
,Dove Dusche,2.49,3,5.2,search#7 name:dusche brand:dove,Advanced Dusche Bridgerton,Dove,"0,23 l (12,40 € / 1 l)",2.79,8720181871375,https://produkte.globus.de/koerperpflege-gesundheit-kosmetik/koerperpflege/duschgel/8720181871375/advanced-dusche-bridgerton
,Dove Dusche 225ml,2.49,1,5.03,search#2 name:dusche brand:dove size-mismatch,Advanced Dusche Bridgerton,Dove,"0,23 l (12,40 € / 1 l)",2.79,8720181871375,https://produkte.globus.de/koerperpflege-gesundheit-kosmetik/koerperpflege/duschgel/8720181871375/advanced-dusche-bridgerton
,Dove Dusche 225ml,2.49,2,4.73,search#3 name:dusche brand:dove size-mismatch,"Advanced Dusche, Pflege Öl",Dove,"0,23 l (13,29 € / 1 l)",,8720181460029,https://produkte.globus.de/koerperpflege-gesundheit-kosmetik/koerperpflege/duschgel/8720181460029/advanced-dusche-pflege-oel
,Dove Dusche 225ml,2.49,3,4.0,search#1 brand:dove size-mismatch,"Dusch-Peeling, Macadamia/Reismilch",Dove,"0,23 l (25,73 € / 1 l)",,8710447217054,https://produkte.globus.de/koerperpflege-gesundheit-kosmetik/koerperpflege/duschgel/8710447217054/dusch-peeling-macadamia-reismilch
,Drachenzungen Eis bu,4.99,1,7.0,search#1 name:drachenzungen+eis,"Eis Saure Drachenzungen, bunt",hitschies,"0,46 l (6,50 € / 1 l)",2.99,4003840001936,https://produkte.globus.de/tiefkuehlprodukte/eis/eis-grosspackungen/4003840001936/eis-saure-drachenzungen-bunt
,Drachenzungen Eis bu,4.99,2,4.7,search#2 name:drachenzungen,Drachenzungen Kratzeis,Hitschler,"0,8 l (2,50 € / 1 l)",2.0,4003840004036,https://produkte.globus.de/tiefkuehlprodukte/eis/wassereis/4003840004036/drachenzungen-kratzeis
,FEINSTES H?HNCHENBRU,1.69,1,3.0,search#1,"Hähnchenbrustfilet, Natur",Ponnath,"0,15 kg (12,53 € / 1 kg)",1.88,4000930534077,https://produkte.globus.de/fleisch-wurst/wurst-aufschnitt/kochschinken-braten/4000930534077/haehnchenbrustfilet-natur
,FEINSTES H?HNCHENBRU,1.69,2,2.7,search#2,Hähnchenbrustfilet mit Kräutern der Provence,Ponnath,"0,15 kg (13,33 € / 1 kg)",,4000930534060,https://produkte.globus.de/fleisch-wurst/wurst-aufschnitt/kochschinken-braten/4000930534060/haehnchenbrustfilet-mit-kraeutern-der-provence
,GLOBUS Konf.Erdbeer,1.79,1,5.0,search#1 brand:globus,"Konfitüre extra, Erdbeere",GLOBUS,"0,34 kg (5,85 € / 1 kg)",,4304218731357,https://produkte.globus.de/brot-backwaren-fruehstueck/aufstriche/fruchtaufstriche/4304218731357/konfituere-extra-erdbeere
,GLOBUS Konf.Erdbeer,1.79,2,4.7,search#2 brand:globus,"Erdbeerkonfitüre, passiert",GLOBUS,"0,33 kg (6,94 € / 1 kg)",2.29,4304218732897,https://produkte.globus.de/brot-backwaren-fruehstueck/aufstriche/fruchtaufstriche/4304218732897/erdbeerkonfituere-passiert
,Gefrierbeutel 3 l,1.0,1,7.0,search#1 name:gefrierbeutel,Gefrierbeutel 3l,OHO,"50 Stk (0,02 € / 1 Stk)",0.99,4304218153692,https://produkte.globus.de/kueche-haushalt/kuechenzubehoer/beutel-folien/4304218153692/gefrierbeutel-3l
,Gefrierbeutel 3 l,1.0,2,6.7,search#2 name:gefrierbeutel,Doppelverschluss-Gefrierbeutel 3l,OHO,"15 Stk (0,10 € / 1 Stk)",1.5,4304218153753,https://produkte.globus.de/kueche-haushalt/kuechenzubehoer/beutel-folien/4304218153753/doppelverschluss-gefrierbeutel-3l
,Gefrierbeutel 3 l,1.0,3,6.6,search#4 name:gefrierbeutel price:1.00,"Gefrierbeutel mit Standboden, 3l",Toppits,"30 Stk (0,03 € / 1 Stk)",1.0,4008871208064,https://produkte.globus.de/kueche-haushalt/kuechenzubehoer/beutel-folien/4008871208064/gefrierbeutel-mit-standboden-3l
,H?hn.Innenbrustfilet,4.99,1,7.5,search#1 name:innenbrustfilet price:4.99,Hähnchen Innenbrustfilet,Fräulein Heidemarie,"0,4 kg (12,48 € / 1 kg)",4.99,4304218432971,https://produkte.globus.de/fleisch-wurst/fleisch/gefluegel/4304218432971/haehnchen-innenbrustfilet
,JT K?chent?cher 3-la,2.75,1,4.7,search#2 brand:jeden+tag,Küchentücher 4 x 64 Blatt,Jeden Tag,"256 Blatt (1,04 € / 1 Blatt)",2.65,4306188051824,https://produkte.globus.de/kueche-haushalt/kuechenzubehoer/kuechenrollen/4306188051824/kuechentuecher-4-x-64-blatt
,JT K?chent?cher 3-la,2.75,2,3.0,search#1,Küchentücher Premium,clino!,"204 Blatt (1,45 € / 1 Blatt)",2.95,4304218629937,https://produkte.globus.de/kueche-haushalt/kuechenzubehoer/kuechenrollen/4304218629937/kuechentuecher-premium
,JT K?chent?cher 3-la,2.75,3,2.4,search#3,Küchentücher Mega Pack,clino!,"408 Blatt (1,10 € / 1 Blatt)",4.49,4304218629913,https://produkte.globus.de/kueche-haushalt/kuechenzubehoer/kuechenrollen/4304218629913/kuechentuecher-mega-pack
,JT Magerquark 250g,1.38,1,6.4,search#3 brand:jeden+tag size:250g,Speisequark Magerstufe,Jeden Tag,"0,25 kg (2,76 € / 1 kg)",0.69,4306188367314,https://produkte.globus.de/milchprodukte-eier/milch-molkereiprodukte/quark/4306188367314/speisequark-magerstufe
,JT Magerquark 250g,1.38,2,6.0,search#1 name:magerquark size:250g,"Magerquark, 0,3% Fett",Hansano,"0,25 kg (3,96 € / 1 kg)",0.99,4016241040015,https://produkte.globus.de/milchprodukte-eier/milch-molkereiprodukte/quark/4016241040015/magerquark-0-3-fett
,JT Magerquark 250g,1.38,3,4.7,search#2 size:250g,"Speisequark, Magerstufe",Frankenland,"0,25 kg (3,56 € / 1 kg)",0.89,40409597,https://produkte.globus.de/milchprodukte-eier/milch-molkereiprodukte/quark/40409597/speisequark-magerstufe
,JT Mozzarella gerieb,1.69,1,5.1,search#4 name:mozzarella brand:jeden+tag,"Mozzarella, gerieben",Jeden Tag,"0,25 kg (6,36 € / 1 kg)",,4306188407508,https://produkte.globus.de/milchprodukte-eier/kaese/reibekaese/4306188407508/mozzarella-gerieben
,JT Mozzarella gerieb,1.69,2,4.0,search#1 name:mozzarella,"Mozzarella, gerieben, ideal für Pizza",Galbani,"0,15 kg (19,27 € / 1 kg)",2.89,3228023240020,https://produkte.globus.de/milchprodukte-eier/kaese/reibekaese/3228023240020/mozzarella-gerieben-ideal-fuer-pizza
,JT Mozzarella gerieb,1.69,3,3.7,search#2 name:mozzarella,"Mozzarella gerieben, Original",Goldsteig,"0,2 kg (13,45 € / 1 kg)",2.69,4008432027103,https://produkte.globus.de/milchprodukte-eier/kaese/reibekaese/4008432027103/mozzarella-gerieben-original
,JT Salami Edelschim,1.99,1,6.0,search#1 name:salami brand:jeden+tag,Salami Edelschimmel,Jeden Tag,"0,13 kg (15,12 € / 1 kg)",1.89,4306188062493,https://produkte.globus.de/fleisch-wurst/wurst-aufschnitt/salami-paprikawurst/4306188062493/salami-edelschimmel
,JT Salami Edelschim,1.99,2,3.7,search#2 name:salami,Trüffel-Salami mit Edelschimmel,Wiltmann,"0,08 kg (28,63 € / 1 kg)",2.29,4001956212086,https://produkte.globus.de/fleisch-wurst/wurst-aufschnitt/salami-paprikawurst/4001956212086/trueffel-salami-mit-edelschimmel
,JT Salami Edelschim,1.99,3,3.1,search#4 name:salami,"Edelschimmel-Salami, grob",Stockmeyer,"0,15 kg (18,60 € / 1 kg)",,4006639029203,https://produkte.globus.de/fleisch-wurst/wurst-aufschnitt/salami-paprikawurst/4006639029203/edelschimmel-salami-grob
,JT Schoko Rosinen,1.69,1,7.0,search#1 name:rosinen+schoko brand:jeden+tag,"Schoko Rosinen, Vollmilchschokoladee",Jeden Tag,"0,2 kg (6,45 € / 1 kg)",1.29,4306188034971,https://produkte.globus.de/suesses-salziges/schokolade/sonstige-schokoladenartikel/4306188034971/schoko-rosinen-vollmilchschokoladee
,JT Schoko Rosinen,1.69,2,4.7,search#2 name:rosinen+schoko,"Jumbo-Rosinen, Schoko",Meienburg,"0,2 kg (19,95 € / 1 kg)",,4009790007202,https://produkte.globus.de/suesses-salziges/schokolade/sonstige-schokoladenartikel/4009790007202/jumbo-rosinen-schoko
,JT Schokoladeneis,1.89,1,4.6,search#4 brand:jeden+tag price:1.89,"Eis, Schokolade",Jeden Tag,"1 l (1,89 € / 1 l)",1.89,4306188053323,https://produkte.globus.de/tiefkuehlprodukte/eis/eis-grosspackungen/4306188053323/eis-schokolade
,JT Schokoladeneis,1.89,2,3.0,search#1,"Eis Cremissimo, Schokolade",Mövenpick,"0,83 l (4,84 € / 1 l)",,8711327619470,https://produkte.globus.de/tiefkuehlprodukte/eis/eis-grosspackungen/8711327619470/eis-cremissimo-schokolade
,JT Schokoladeneis,1.89,3,2.7,search#2,"Eis, Schokolade",Viennetta,"0,65 l (3,06 € / 1 l)",1.99,8711327589209,https://produkte.globus.de/tiefkuehlprodukte/eis/eis-grosspackungen/8711327589209/eis-schokolade
,Kleenex KosT? Box,1.79,1,6.53,search#2 name:box brand:kleenex price:1.79,"Kosmetiktücher Box Ultra Soft, verschiedene Designs",Kleenex,"48 Stk (0,04 € / 1 Stk)",1.79,5029053578309,https://produkte.globus.de/koerperpflege-gesundheit-kosmetik/hygieneartikel/kosmetik-taschentuecher/5029053578309/kosmetiktuecher-box-ultra-soft-verschiedene-designs
,Kleenex KosT? Box,1.79,2,6.33,search#1 name:box brand:kleenex,Taschentücher-Box Duo,Kleenex,"144 Stk (0,02 € / 1 Stk)",2.99,5029053579375,https://produkte.globus.de/koerperpflege-gesundheit-kosmetik/hygieneartikel/kosmetik-taschentuecher/5029053579375/taschentuecher-box-duo
,Kleenex KosT? Box,1.79,3,5.73,search#3 name:box brand:kleenex,Taschentücher-Box Trio,Kleenex,"144 Stk (0,03 € / 1 Stk)",3.99,5029053580296,https://produkte.globus.de/koerperpflege-gesundheit-kosmetik/hygieneartikel/kosmetik-taschentuecher/5029053580296/taschentuecher-box-trio
,Linsen Chips Paprika,2.98,1,7.0,search#1 name:chips+linsen+paprika,"Linsen Chips, Paprika",funny-frisch,"0,09 kg (22,11 € / 1 kg)",,4003586104120,https://produkte.globus.de/suesses-salziges/snacks-knabberzeug/chips/4003586104120/linsen-chips-paprika
,Linsen Chips Paprika,2.98,2,6.7,search#2 name:chips+linsen+paprika,Linsen Chips Paprika,funny-frisch,"0,09 kg (22,11 € / 1 kg)",1.99,4003586107961,https://produkte.globus.de/suesses-salziges/snacks-knabberzeug/chips/4003586107961/linsen-chips-paprika
,Linsen Chips Paprika,2.98,3,6.1,search#4 name:chips+linsen+paprika,"Häppy Chips Linsen, Paprika",Leicht & Cross,"0,09 kg (22,11 € / 1 kg)",1.99,4001518117675,https://produkte.globus.de/suesses-salziges/snacks-knabberzeug/chips/4001518117675/haeppy-chips-linsen-paprika
,MANN.KAK.HN-T?RTCHEN,2.99,1,3.0,search#1,Waffeltaler mit Kakao-Haselnuss-Creme-Füllung,Manner,"0,4 kg (9,98 € / 1 kg)",,9000331607955,https://produkte.globus.de/suesses-salziges/gebaeck/waffelgebaeck/9000331607955/waffeltaler-mit-kakao-haselnuss-creme-fuellung
,MANN.KAK.HN-T?RTCHEN,2.99,2,2.7,search#2,"Schoko-Waffeln Törtchen, Schoko Brownie",Manner,"0,4 kg (9,98 € / 1 kg)",,9000331627908,https://produkte.globus.de/suesses-salziges/gebaeck/waffelgebaeck/9000331627908/schoko-waffeln-toertchen-schoko-brownie
,Manner Kokos Waffeln,2.99,1,7.67,search#1 name:kokos+waffeln brand:manner,Kokos Waffeln,Manner,"0,4 kg (9,48 € / 1 kg)",,9000331607900,https://produkte.globus.de/suesses-salziges/gebaeck/waffelgebaeck/9000331607900/kokos-waffeln
,Manner VK Schnitte,2.99,1,5.0,search#1 brand:manner,"Haselnuss-Schnitten, Waffeln",Manner,"0,4 kg (12,48 € / 1 kg)",,9000331607993,https://produkte.globus.de/suesses-salziges/gebaeck/waffelgebaeck/9000331607993/haselnuss-schnitten-waffeln
,Manner VK Schnitte,2.99,2,2.7,search#2,Minze geschnitten,Ostmann,"0,01 kg (149,17 € / 1 kg)",1.79,4002674043716,https://produkte.globus.de/essig-oel-gewuerze-sossen/sossen-gewuerze/gewuerzmischungen/4002674043716/minze-geschnitten
,Manner VK Schnitte,2.99,3,2.4,search#3,"Estragonblätter, geschnitten",Ostmann,"0,02 kg (139,50 € / 1 kg)",2.79,4002674072259,https://produkte.globus.de/essig-oel-gewuerze-sossen/sossen-gewuerze/gewuerzmischungen/4002674072259/estragonblaetter-geschnitten
,Mr.Freed Avocado,2.59,1,7.0,search#1 name:avocado brand:freed,Tortilla Chips Avocado,Mister Freed,"0,14 kg (14,74 € / 1 kg)",1.99,5060367450578,https://produkte.globus.de/suesses-salziges/snacks-knabberzeug/chips/5060367450578/tortilla-chips-avocado
,OHO Haushaltshandsch,3.96,1,5.0,search#1 brand:oho,"Haushaltshandschuhe L, 1 Paar",OHO,,0.99,4304218150813,https://produkte.globus.de/kueche-haushalt/reinigungsmittel/reinigungszubehoer/4304218150813/haushaltshandschuhe-l-1-paar
,OHO Haushaltshandsch,3.96,2,4.7,search#2 brand:oho,"Haushaltshandschuhe S, 1 Paar",OHO,,0.55,4304218150776,https://produkte.globus.de/kueche-haushalt/reinigungsmittel/reinigungszubehoer/4304218150776/haushaltshandschuhe-s-1-paar
,OHO Haushaltshandsch,3.96,3,4.4,search#3 brand:oho,Haushaltshandschuhe Mittel,OHO,,0.69,4304218150790,https://produkte.globus.de/kueche-haushalt/reinigungsmittel/reinigungszubehoer/4304218150790/haushaltshandschuhe-mittel
,Primitivo Puglia,4.99,1,7.0,search#1 name:primitivo+puglia,"Primitivo Puglia IGT, Rotwein",Doppio Passo,"0,75 l (10,65 € / 1 l)",,4002859120799,https://produkte.globus.de/getraenke/wein/rotwein/4002859120799/primitivo-puglia-igt-rotwein
,Primitivo Puglia,4.99,2,6.7,search#2 name:primitivo+puglia,"Primitivo Puglia, Rotwein",le Vignate,"0,75 l (7,99 € / 1 l)",5.99,8021904212117,https://produkte.globus.de/getraenke/wein/rotwein/8021904212117/primitivo-puglia-rotwein
,Primitivo Puglia,4.99,3,6.4,search#3 name:primitivo+puglia,Primitivo Puglia IGT,Doppio Passo,"0,25 l (11,96 € / 1 l)",2.99,4002859120485,https://produkte.globus.de/getraenke/wein/rotwein/4002859120485/primitivo-puglia-igt
,SAATENBR?TCHEN 3+1,1.65,1,3.5,search#1 price:1.65,"Saatenbrötchen 3er (3x 1,000 Stück)",GLOBUS Meisterbäckerei,"3 Stk (0,55 € / 1 Stk)",1.65,2001609697033,https://produkte.globus.de/brot-backwaren-fruehstueck/meisterbaeckerei/brot-broetchen/2001609697033/saatenbroetchen-3er-3x-1-000-stueck
,SAATENBR?TCHEN 3+1,1.65,2,2.7,search#2,"Saatenbrötchen 5er (5x 1,000 Stück)",GLOBUS Meisterbäckerei,"5 Stk (0,53 € / 1 Stk)",2.65,2001609697026,https://produkte.globus.de/brot-backwaren-fruehstueck/meisterbaeckerei/brot-broetchen/2001609697026/saatenbroetchen-5er-5x-1-000-stueck
,SAATENBR?TCHEN 3+1,1.65,3,2.4,search#3,Saatenbrötchen Low Carb,Steiner,"0,28 kg (10,68 € / 1 kg)",,9180007870422,https://produkte.globus.de/brot-backwaren-fruehstueck/brot-backwaren/brot-broetchen/9180007870422/saatenbroetchen-low-carb
,Schofrulade Erdbeere,3.89,1,7.0,search#1 name:erdbeere+schofrulade,"Schofrulade Erdbeere, tielfgekühlt",Oswald,"0,13 l (23,00 € / 1 l)",2.99,5901122237129,https://produkte.globus.de/tiefkuehlprodukte/eis/eis-desserts/5901122237129/schofrulade-erdbeere-tielfgekuehlt
,Snack Minis 300g,2.99,1,7.67,search#1 name:minis+snack size:300g,"Waffeln Snack minis, Milch-Haselnuss",Manner,"0,3 kg (12,63 € / 1 kg)",,9000331607702,https://produkte.globus.de/suesses-salziges/gebaeck/waffelgebaeck/9000331607702/waffeln-snack-minis-milch-haselnuss
,Snack Minis 300g,2.99,2,7.37,search#2 name:minis+snack size:300g,"Waffeln Snack minis, Milch-Schoko",Manner,"0,3 kg (12,63 € / 1 kg)",,9000331607719,https://produkte.globus.de/suesses-salziges/gebaeck/waffelgebaeck/9000331607719/waffeln-snack-minis-milch-schoko
,Snack Minis Schoko 3,2.99,1,7.0,search#1 name:minis+schoko+snack,"Waffeln Snack minis, Milch-Schoko",Manner,"0,3 kg (12,63 € / 1 kg)",,9000331607719,https://produkte.globus.de/suesses-salziges/gebaeck/waffelgebaeck/9000331607719/waffeln-snack-minis-milch-schoko
,Snack Minis Schoko 3,2.99,2,2.7,search#2,Mini Erdnuss-Karamell-Schokoriegel,Snickers,"0,15 kg (13,27 € / 1 kg)",1.99,5000159560061,https://produkte.globus.de/suesses-salziges/schokolade/schokoriegel/5000159560061/mini-erdnuss-karamell-schokoriegel
,Snack Minis Schoko 3,2.99,3,2.4,search#3,"Mini Schokowürfel, Herzbox",Ritter Sport,"0,12 kg (41,93 € / 1 kg)",4.99,4000417600103,https://produkte.globus.de/suesses-salziges/snacks-knabberzeug/gebaeckstangen-grissini/4000417600103/mini-schokowuerfel-herzbox
,T?rt SchokBrownie 40,2.99,-,,no candidate,,,,,,
,Tempo Box Duo,3.69,1,7.37,search#2 name:box+duo brand:tempo,"Taschentücher-Box Duo, Original",Tempo,"200 Stk (0,02 € / 1 Stk)",,7322541402826,https://produkte.globus.de/koerperpflege-gesundheit-kosmetik/hygieneartikel/kosmetik-taschentuecher/7322541402826/taschentuecher-box-duo-original
,Tempo Box Duo,3.69,2,5.67,search#1 name:box+duo,Taschentücher-Box Duo,Kleenex,"144 Stk (0,02 € / 1 Stk)",2.99,5029053579375,https://produkte.globus.de/koerperpflege-gesundheit-kosmetik/hygieneartikel/kosmetik-taschentuecher/5029053579375/taschentuecher-box-duo
,Valle Secreto Verdot,7.0,-,,no candidate,,,,,,
,ff Cracker Chilli NP,1.25,1,6.1,search#4 name:chilli+cracker,Snap'd Cheese & Chilli Cracker,Cheez-It,"0,12 kg (8,25 € / 1 kg)",0.99,5053990177806,https://produkte.globus.de/suesses-salziges/snacks-knabberzeug/chips/5053990177806/snap-d-cheese-chilli-cracker
,ff Cracker Chilli NP,1.25,2,5.0,search#1 name:cracker,"Tuc Cracker, Chili",TUC,"0,1 kg (12,90 € / 1 kg)",1.29,7622210998477,https://produkte.globus.de/suesses-salziges/snacks-knabberzeug/salzstangen-brezeln/7622210998477/tuc-cracker-chili
,ff Cracker Chilli NP,1.25,3,4.7,search#2 name:cracker,Cheese Cracker Chili Cheese Style,funny-frisch,"0,1 kg (14,90 € / 1 kg)",1.49,4003586105455,https://produkte.globus.de/suesses-salziges/snacks-knabberzeug/chips/4003586105455/cheese-cracker-chili-cheese-style
