decision;raw_name;receipt_price;rank;score;evidence;catalog_name;brand;pack_size;catalog_price;article_number;url
Y;ALN.3-KORN-FLOCKEN;1.99;1;5.17;name:flocken+korn brand:alnatura price:1.99;Bio 3 Korn Flocken;Alnatura;0,5 kg (3,98 € / 1 kg);1.99;4104420010680;https://produkte.globus.de/brot-backwaren-fruehstueck/muesli/dinkel-getreide-haferflocken/4104420010680/bio-3-korn-flocken
;ALN.3-KORN-FLOCKEN;1.99;2;5.17;name:flocken+korn brand:alnatura price:1.99;Bio 5 Korn Flocken;Alnatura;0,5 kg (3,98 € / 1 kg);1.99;4104420012554;https://produkte.globus.de/brot-backwaren-fruehstueck/muesli/dinkel-getreide-haferflocken/4104420012554/bio-5-korn-flocken
;ALN.3-KORN-FLOCKEN;1.99;3;3.33;name:alnatura brand:alnatura;Alnatura Bio Malzkaffee;Alnatura;0,1 kg (29,90 € / 1 kg);2.99;4104420145382;https://produkte.globus.de/brot-backwaren-fruehstueck/kaffee/malzkaffee/4104420145382/alnatura-bio-malzkaffee
;ALNATURA BIO SCHOKO;4.49;1;5.17;name:bio+schoko brand:alnatura price:4.49;Bio Müsli, Schoko;Alnatura;0,75 kg (5,99 € / 1 kg);4.49;4104420017849;https://produkte.globus.de/brot-backwaren-fruehstueck/muesli/muesli/4104420017849/bio-muesli-schoko
;ALNATURA BIO SCHOKO;4.49;2;5.17;name:bio+schoko brand:alnatura price:4.49;Bio Müsli, Hafer Chrunchy, Schoko;Alnatura;0,75 kg (5,99 € / 1 kg);4.49;4104420238244;https://produkte.globus.de/brot-backwaren-fruehstueck/muesli/muesli/4104420238244/bio-muesli-hafer-chrunchy-schoko
;ALNATURA BIO SCHOKO;4.49;3;4.67;name:bio+schoko brand:alnatura;Bio Reiswaffeln, Schoko Vollmilch;Alnatura;0,1 kg (17,90 € / 1 kg);1.79;4104420053069;https://produkte.globus.de/brot-backwaren-fruehstueck/brot-backwaren/knaeckebrot-reiswaffeln-zwieback/4104420053069/bio-reiswaffeln-schoko-vollmilch
;Alnatura Chiasamen;3.99;1;4.0;name:alnatura brand:alnatura;Alnatura Bio Malzkaffee;Alnatura;0,1 kg (29,90 € / 1 kg);2.99;4104420145382;https://produkte.globus.de/brot-backwaren-fruehstueck/kaffee/malzkaffee/4104420145382/alnatura-bio-malzkaffee
;Alnatura Chiasamen;3.99;2;4.0;name:alnatura brand:alnatura;Alnatura Buttermilch, 1% Fett;Alnatura;0,5 l (1,98 € / 1 l);0.99;4104420243347;https://produkte.globus.de/milchprodukte-eier/milch-molkereiprodukte/buttermilch-dickmilch/4104420243347/alnatura-buttermilch-1-fett
;Alnatura Chiasamen;3.99;3;2.5;brand:alnatura price:3.99;Bio Bourbon Vanille gemahlen;Alnatura;0,01 kg (798,00 € / 1 kg);3.99;40045405;https://produkte.globus.de/brot-backwaren-fruehstueck/backzutaten/klassische-backzutaten/40045405/bio-bourbon-vanille-gemahlen
y;Alnatura Eier 10er;5.29;1;5.83;name:eier brand:alnatura size:10piece price:5.29;Bio Eier Bruderküken, Gr. M-L;Alnatura;10 Stk (0,53 € / 1 Stk);5.29;4104420182929;https://produkte.globus.de/milchprodukte-eier/eier/4104420182929/bio-eier-bruderkueken-gr.-m-l
y;Alnatura Eier 10er;5.29;2;5.83;name:eier brand:alnatura size:10piece price:5.29;Bio Eier, Bruderküken Gr. M-L;Alnatura;10 Stk (0,53 € / 1 Stk);5.29;4104420203969;https://produkte.globus.de/milchprodukte-eier/eier/4104420203969/bio-eier-bruderkueken-gr.-m-l
y;Alnatura Eier 10er;5.29;3;5.33;name:eier brand:alnatura size:10piece;Bio Eier Bruderküken, Gr. M-L;Alnatura;10 Stk (0,53 € / 1 Stk);;4104420204003;https://produkte.globus.de/milchprodukte-eier/eier/4104420204003/bio-eier-bruderkueken-gr.-m-l
;Avocados Globus Gold;1.49;1;3.33;name:gold brand:gold;Kaffee Gold, gemahlen;Mocca Fix Gold;0,5 kg (11,98 € / 1 kg);5.99;4013743000646;https://produkte.globus.de/brot-backwaren-fruehstueck/kaffee/bohnenkaffee-gemahlen/4013743000646/kaffee-gold-gemahlen
;Avocados Globus Gold;1.49;2;3.33;name:gold brand:globus;Rooibos Tee Früchtemischung mit Orangengeschmack, Rotes Gold;GLOBUS;0,1 kg (10,00 € / 1 kg);;4304218730039;https://produkte.globus.de/brot-backwaren-fruehstueck/tee/fruechtetee/4304218730039/rooibos-tee-fruechtemischung-mit-orangengeschmack-rotes-gold
;Avocados Globus Gold;1.49;3;3.33;name:globus brand:globus;Globus Bio Reiswaffeln mit Salz;GLOBUS Bio;0,1 kg (7,90 € / 1 kg);0.79;4304218732279;https://produkte.globus.de/brot-backwaren-fruehstueck/brot-backwaren/knaeckebrot-reiswaffeln-zwieback/4304218732279/globus-bio-reiswaffeln-mit-salz
;BIO MILCH LACT.FREI;1.89;1;3.0;name:bio brand:bio;Bio Basilikum Topf;GLOBUS Bio;;1.79;2070000605602;https://produkte.globus.de/obst-gemuese/frische-kraeuter-gewuerze/2070000605602/bio-basilikum-topf
;BIO MILCH LACT.FREI;1.89;2;3.0;name:bio brand:bio;Bio Dill Topf;GLOBUS Bio;;1.29;2070000605633;https://produkte.globus.de/obst-gemuese/frische-kraeuter-gewuerze/2070000605633/bio-dill-topf
;BIO MILCH LACT.FREI;1.89;3;3.0;name:bio brand:bio;Bio Koriander Topf;GLOBUS Bio;;1.79;2070000606234;https://produkte.globus.de/obst-gemuese/frische-kraeuter-gewuerze/2070000606234/bio-koriander-topf
y;Baguette Pfefferkr.;1.59;1;2.5;name:baguette price:1.59;Baguette mit Pfefferkruste;GLOBUS Meisterbäckerei;0,25 kg (6,36 € / 1 kg);1.59;117747;https://produkte.globus.de/brot-backwaren-fruehstueck/meisterbaeckerei/brot-broetchen/117747/baguette-mit-pfefferkruste
;Baguette Pfefferkr.;1.59;2;2.0;name:baguette;Baguette 250g;GLOBUS Meisterbäckerei;0,25 kg (3,16 € / 1 kg);0.79;2001609644006;https://produkte.globus.de/brot-backwaren-fruehstueck/meisterbaeckerei/brot-broetchen/2001609644006/baguette-250g
;Baguette Pfefferkr.;1.59;3;2.0;name:baguette;Baguette 500g;GLOBUS Meisterbäckerei;0,5 kg (5,60 € / 1 kg);2.8;2001684274006;https://produkte.globus.de/brot-backwaren-fruehstueck/meisterbaeckerei/brot-broetchen/2001684274006/baguette-500g
;Dove Dusche;2.49;-;;no candidate;;;;;;
;Dove Dusche 225ml;2.49;-;;no candidate;;;;;;
;Drachenzungen Eis bu;4.99;1;2.0;name:eis;Eis-Creme-Dessert Stracciatella;Komet;0,07 kg (14,14 € / 1 kg);0.99;4012281310002;https://produkte.globus.de/brot-backwaren-fruehstueck/backzutaten/dessertpulver/4012281310002/eis-creme-dessert-stracciatella
;Drachenzungen Eis bu;4.99;2;2.0;name:eis;Eis-Creme-Dessert, Vanille;Komet;0,07 kg (14,14 € / 1 kg);0.99;4012281310101;https://produkte.globus.de/brot-backwaren-fruehstueck/backzutaten/dessertpulver/4012281310101/eis-creme-dessert-vanille
;Drachenzungen Eis bu;4.99;3;2.0;name:eis;Eis-Creme-Dessert, Zitrone;Komet;0,07 kg (15,57 € / 1 kg);1.09;4012281310200;https://produkte.globus.de/brot-backwaren-fruehstueck/backzutaten/dessertpulver/4012281310200/eis-creme-dessert-zitrone
;FEINSTES H?HNCHENBRU;1.69;-;;no candidate;;;;;;
;GLOBUS Konf.Erdbeer;1.79;1;3.33;name:erdbeer brand:globus;Erdbeer-Sahnerolle 400g;GLOBUS Meisterbäckerei;0,4 kg (13,00 € / 1 kg);5.2;2001610069003;https://produkte.globus.de/brot-backwaren-fruehstueck/meisterbaeckerei/sonstige-backwaren/2001610069003/erdbeer-sahnerolle-400g
;GLOBUS Konf.Erdbeer;1.79;2;3.33;name:erdbeer brand:globus;Erdbeer Herz Tart groß;GLOBUS Meisterbäckerei;0,83 kg (8,42 € / 1 kg);6.99;2001656641003;https://produkte.globus.de/brot-backwaren-fruehstueck/meisterbaeckerei/kuchen-torten/2001656641003/erdbeer-herz-tart-gross
;GLOBUS Konf.Erdbeer;1.79;3;3.33;name:erdbeer brand:globus;Herz-Sahnetart Erdbeer/Sahne;GLOBUS Meisterbäckerei;0,7 kg (9,79 € / 1 kg);6.85;2001656685007;https://produkte.globus.de/brot-backwaren-fruehstueck/meisterbaeckerei/sonstige-backwaren/2001656685007/herz-sahnetart-erdbeer-sahne
;Gefrierbeutel 3 l;1.0;-;;no candidate;;;;;;
;H?hn.Innenbrustfilet;4.99;-;;no candidate;;;;;;
y;JT Cheddar gerieben;2.19;1;4.5;name:cheddar+gerieben brand:jeden+tag price:2.19;Cheddar, gerieben;Jeden Tag;0,2 kg (10,95 € / 1 kg);2.19;4306188039365;https://produkte.globus.de/milchprodukte-eier/kaese/reibekaese/4306188039365/cheddar-gerieben
;JT Cheddar gerieben;2.19;2;3.5;name:cheddar brand:jeden+tag price:2.19;Cheddar, Scheiben;Jeden Tag;0,18 kg (12,51 € / 1 kg);2.19;4306188038665;https://produkte.globus.de/milchprodukte-eier/kaese/kaesescheiben/4306188038665/cheddar-scheiben
;JT Cheddar gerieben;2.19;3;3.0;name:gerieben brand:jeden+tag;Haselnusskerne, gerieben;Jeden Tag;0,2 kg (10,00 € / 1 kg);2.0;4306188039273;https://produkte.globus.de/brot-backwaren-fruehstueck/backzutaten/nuesse-zum-backen/4306188039273/haselnusskerne-gerieben
;JT K?chent?cher 3-la;2.75;1;2.0;brand:jeden+tag;Eier aus Bodenhaltung, Gr. S/L;Jeden Tag;10 Stk (0,25 € / 1 Stk);2.49;4006358009227;https://produkte.globus.de/milchprodukte-eier/eier/4006358009227/eier-aus-bodenhaltung-gr.-s-l
;JT K?chent?cher 3-la;2.75;2;2.0;brand:jeden+tag;Eier aus Freilandhaltung, Gr. S/L;Jeden Tag;10 Stk (0,26 € / 1 Stk);2.59;4006358009234;https://produkte.globus.de/milchprodukte-eier/eier/4006358009234/eier-aus-freilandhaltung-gr.-s-l
;JT K?chent?cher 3-la;2.75;3;2.0;brand:jeden+tag;Bio Eier;Jeden Tag;10 Stk (0,40 € / 1 Stk);3.99;4011996916240;https://produkte.globus.de/milchprodukte-eier/eier/4011996916240/bio-eier
y;JT Kaffeesahne 10%;0.89;1;3.33;name:kaffeesahne brand:jeden+tag;Kaffeesahne 10%;Jeden Tag;0,2 kg (4,45 € / 1 kg);;4306188399179;https://produkte.globus.de/brot-backwaren-fruehstueck/kaffee/kaffeesahne-kondensmilch/4306188399179/kaffeesahne-10
;JT Kaffeesahne 10%;0.89;2;3.33;name:kaffeesahne brand:jeden+tag;Kaffeesahne-Kännchen, 12% Fett;Jeden Tag;0,2 kg (3,45 € / 1 kg);;4306188400134;https://produkte.globus.de/brot-backwaren-fruehstueck/kaffee/kaffeesahne-kondensmilch/4306188400134/kaffeesahne-kaennchen-12-fett
;JT Kaffeesahne 10%;0.89;3;2.5;brand:jeden+tag price:0.89;Mandeln, blanchiert & gehobelt;Jeden Tag;0,1 kg (8,90 € / 1 kg);0.89;4306188046295;https://produkte.globus.de/brot-backwaren-fruehstueck/backzutaten/nuesse-zum-backen/4306188046295/mandeln-blanchiert-gehobelt
;JT Magerquark 250g;1.38;1;4.0;brand:jeden+tag size:250g;Sahne Kefir mild, auf Ananas;Jeden Tag;0,25 kg (2,36 € / 1 kg);0.59;4306180162689;https://produkte.globus.de/milchprodukte-eier/milch-molkereiprodukte/fruchtjoghurts/4306180162689/sahne-kefir-mild-auf-ananas
;JT Magerquark 250g;1.38;2;4.0;brand:jeden+tag size:250g;Schmelzkäsescheiben, Sandwich;Jeden Tag;0,25 kg (5,96 € / 1 kg);1.49;4306188012788;https://produkte.globus.de/milchprodukte-eier/kaese/kaesescheiben/4306188012788/schmelzkaesescheiben-sandwich
;JT Magerquark 250g;1.38;3;4.0;brand:jeden+tag size:250g;Schmelzkäsescheiben Toast;Jeden Tag;0,25 kg (5,96 € / 1 kg);1.49;4306188012849;https://produkte.globus.de/milchprodukte-eier/kaese/schmelz-sandwichkaese/4306188012849/schmelzkaesescheiben-toast
;JT Mozzarella gerieb;1.69;1;3.0;name:mozzarella brand:jeden+tag;Mozzarella, Minis;Jeden Tag;0,13 kg (8,00 € / 1 kg);;4306188367895;https://produkte.globus.de/milchprodukte-eier/kaese/mozzarella/4306188367895/mozzarella-minis
;JT Mozzarella gerieb;1.69;2;3.0;name:mozzarella brand:jeden+tag;Mozzarella, Minis light;Jeden Tag;0,13 kg (8,00 € / 1 kg);1.0;4306188368663;https://produkte.globus.de/milchprodukte-eier/kaese/mozzarella/4306188368663/mozzarella-minis-light
;JT Mozzarella gerieb;1.69;3;3.0;name:mozzarella brand:jeden+tag;Mozzarella, Classic;Jeden Tag;0,13 kg (6,80 € / 1 kg);;4306188390565;https://produkte.globus.de/milchprodukte-eier/kaese/mozzarella/4306188390565/mozzarella-classic
;JT Salami Edelschim;1.99;1;2.5;brand:jeden+tag price:1.99;Käsescheiben Gouda, light;Jeden Tag;0,2 kg (9,95 € / 1 kg);1.99;4306188005476;https://produkte.globus.de/milchprodukte-eier/kaese/kaesescheiben/4306188005476/kaesescheiben-gouda-light
;JT Salami Edelschim;1.99;2;2.5;brand:jeden+tag price:1.99;Schmelzkäse, 8 Ecken;Jeden Tag;0,25 kg (7,96 € / 1 kg);1.99;4306188014423;https://produkte.globus.de/milchprodukte-eier/kaese/schmelz-sandwichkaese/4306188014423/schmelzkaese-8-ecken
;JT Salami Edelschim;1.99;3;2.5;brand:jeden+tag price:1.99;Sprühsahne;Jeden Tag;0,25 l (7,96 € / 1 l);1.99;4306188027072;https://produkte.globus.de/milchprodukte-eier/milch-molkereiprodukte/sahne/4306188027072/spruehsahne
;JT Schoko Rosinen;1.69;1;3.0;name:schoko brand:jeden+tag;Knuspermüsli Schoko mit Schokoladenplättchen und Mandeldragees;Jeden Tag;0,6 kg (3,82 € / 1 kg);2.29;4306188017264;https://produkte.globus.de/brot-backwaren-fruehstueck/muesli/muesli/4306188017264/knuspermuesli-schoko-mit-schokoladenplaettchen-und-mandeldragees
;JT Schoko Rosinen;1.69;2;3.0;name:schoko brand:jeden+tag;Knuspermüsli, Schoko-Keks;Jeden Tag;0,75 kg (3,05 € / 1 kg);2.29;4306188017295;https://produkte.globus.de/brot-backwaren-fruehstueck/muesli/muesli/4306188017295/knuspermuesli-schoko-keks
;JT Schoko Rosinen;1.69;3;3.0;name:schoko brand:jeden+tag;Cornflales Schoko Curl;Jeden Tag;0,75 kg (3,72 € / 1 kg);2.79;4306188017325;https://produkte.globus.de/brot-backwaren-fruehstueck/muesli/cornflakes-cerealien/4306188017325/cornflales-schoko-curl
;JT Schokoladeneis;1.89;1;2.5;brand:jeden+tag price:1.89;Pinienkerne;Jeden Tag;0,05 kg (37,80 € / 1 kg);1.89;4306188051268;https://produkte.globus.de/obst-gemuese/trockenobst-nuesse-kerne/trockenobst/4306188051268/pinienkerne
;JT Schokoladeneis;1.89;2;2.5;brand:jeden+tag price:1.89;Kürbiskerne, naturbelassen;Jeden Tag;0,2 kg (9,45 € / 1 kg);1.89;4306188051350;https://produkte.globus.de/obst-gemuese/trockenobst-nuesse-kerne/trockenobst/4306188051350/kuerbiskerne-naturbelassen
;JT Schokoladeneis;1.89;3;2.5;brand:jeden+tag price:1.89;Käseaufschnitt, Leicht;Jeden Tag;0,25 kg (7,56 € / 1 kg);1.89;4306188364238;https://produkte.globus.de/milchprodukte-eier/kaese/kaesescheiben/4306188364238/kaeseaufschnitt-leicht
;Kleenex KosT? Box;1.79;-;;no candidate;;;;;;
;Linsen Chips Paprika;2.98;1;2.67;name:linsen+paprika;High Protein Linsen Cracker, Tomate & Paprika;Reis-Fit;0,04 kg (49,75 € / 1 kg);1.99;4006237642507;https://produkte.globus.de/brot-backwaren-fruehstueck/brot-backwaren/knaeckebrot-reiswaffeln-zwieback/4006237642507/high-protein-linsen-cracker-tomate-paprika
;Linsen Chips Paprika;2.98;2;1.33;name:paprika;Bio Paprika, rot;;0,4 kg (8,23 € / 1 kg);3.29;2000489204003;https://produkte.globus.de/obst-gemuese/frisches-gemuese/paprika-chili/2000489204003/bio-paprika-rot
;Linsen Chips Paprika;2.98;3;1.33;name:paprika;Paprika gelb, lose;;1 kg (3,99 € / 1 kg);;2000491972006;https://produkte.globus.de/obst-gemuese/frisches-gemuese/paprika-chili/2000491972006/paprika-gelb-lose
;MANN.KAK.HN-T?RTCHEN;2.99;-;;no candidate;;;;;;
;Manner Kokos Waffeln;2.99;1;1.83;name:kokos price:2.99;Bio Fruit-Balls Dattel-Kokos;Rapunzel;0,05 kg (61,02 € / 1 kg);2.99;4006040009917;https://produkte.globus.de/brot-backwaren-fruehstueck/muesli/frucht-muesliriegel/4006040009917/bio-fruit-balls-dattel-kokos
;Manner Kokos Waffeln;2.99;2;1.83;name:kokos price:2.99;High Protein Müsli Crunchy, Kokos-Vanille;Layenberger;0,38 kg (7,97 € / 1 kg);2.99;4036554705029;https://produkte.globus.de/brot-backwaren-fruehstueck/muesli/muesli/4036554705029/high-protein-muesli-crunchy-kokos-vanille
;Manner Kokos Waffeln;2.99;3;1.83;name:kokos price:2.99;Pflanzliche Joghurtalternative, Kokos-Mango-Maracuja;Alnatura;0,4 kg (7,48 € / 1 kg);2.99;4104420215658;https://produkte.globus.de/milchprodukte-eier/milchersatz/milchersatz-joghurts/4104420215658/pflanzliche-joghurtalternative-kokos-mango-maracuja
;Manner VK Schnitte;2.99;1;2.5;name:schnitte price:2.99;Bio Schnitte, Hirse;Schnitzer;0,25 kg (11,96 € / 1 kg);2.99;4022993045055;https://produkte.globus.de/brot-backwaren-fruehstueck/brot-backwaren/glutenfrei/4022993045055/bio-schnitte-hirse
;Manner VK Schnitte;2.99;2;2.5;name:schnitte price:2.99;Bio Schnitte, Sesam;Schnitzer;0,25 kg (11,96 € / 1 kg);2.99;4022993045079;https://produkte.globus.de/brot-backwaren-fruehstueck/brot-backwaren/glutenfrei/4022993045079/bio-schnitte-sesam
;Manner VK Schnitte;2.99;3;2.5;name:schnitte price:2.99;Bio Schnitte, Quinoa;Schnitzer;0,25 kg (11,96 € / 1 kg);2.99;4022993047127;https://produkte.globus.de/brot-backwaren-fruehstueck/brot-backwaren/glutenfrei/4022993047127/bio-schnitte-quinoa
;Mr.Freed Avocado;2.59;1;2.0;name:avocado;Avocado;;;0.99;2000490770009;https://produkte.globus.de/obst-gemuese/frisches-obst/exotisches-obst/2000490770009/avocado
;Mr.Freed Avocado;2.59;2;2.0;name:avocado;Bio Avocado;;;1.99;2070000326064;https://produkte.globus.de/obst-gemuese/frisches-obst/exotisches-obst/2070000326064/bio-avocado
;Mr.Freed Avocado;2.59;3;2.0;name:avocado;Tropical Avocado Sorte Fortuna;;0,4 kg (9,48 € / 1 kg);3.79;2070000464193;https://produkte.globus.de/obst-gemuese/frisches-obst/exotisches-obst/2070000464193/tropical-avocado-sorte-fortuna
;OHO Destilliertes Wa;1.99;-;;no candidate;;;;;;
;OHO Haushaltshandsch;3.96;-;;no candidate;;;;;;
;Primitivo Puglia;4.99;-;;no candidate;;;;;;
;SAATENBR?TCHEN 3+1;1.65;-;;no candidate;;;;;;
;Schofrulade Erdbeere;3.89;1;2.0;name:erdbeere;Fruchtaufstrich Erdbeere;GLOBUS Meisterbäckerei;0,23 kg (8,04 € / 1 kg);1.85;114165;https://produkte.globus.de/brot-backwaren-fruehstueck/meisterbaeckerei/brot-broetchen/114165/fruchtaufstrich-erdbeere
;Schofrulade Erdbeere;3.89;2;2.0;name:erdbeere;Fruchtaufstrich, Erdbeere;Honigsegen;0,2 kg (27,45 € / 1 kg);5.49;2090000020922;https://produkte.globus.de/brot-backwaren-fruehstueck/aufstriche/fruchtaufstriche/2090000020922/fruchtaufstrich-erdbeere
;Schofrulade Erdbeere;3.89;3;2.0;name:erdbeere;Konfitüre, Erdbeere;Bonne Maman;0,37 kg (5,41 € / 1 kg) oder ( 6,73 € / 1 kg )*;;3045320090024;https://produkte.globus.de/brot-backwaren-fruehstueck/aufstriche/fruchtaufstriche/3045320090024/konfituere-erdbeere
;Snack Minis 300g;2.99;1;4.0;brand:snack size:300g;Cashewbruch;Farmer's Snack;0,3 kg (8,33 € / 1 kg);2.5;4010442411797;https://produkte.globus.de/obst-gemuese/trockenobst-nuesse-kerne/trockenobst/4010442411797/cashewbruch
;Snack Minis 300g;2.99;2;4.0;brand:snack size:300g;Bio Mangostreifen;Farmer's Snack;0,3 kg (19,97 € / 1 kg);5.99;4010442413319;https://produkte.globus.de/obst-gemuese/trockenobst-nuesse-kerne/trockenobst/4010442413319/bio-mangostreifen
;Snack Minis 300g;2.99;3;4.0;brand:snack size:300g;Studentenfutter Klassik geröstet;Farmer's Snack;0,3 kg (19,97 € / 1 kg);;4010442454695;https://produkte.globus.de/obst-gemuese/trockenobst-nuesse-kerne/trockenobst/4010442454695/studentenfutter-klassik-geroestet
;Snack Minis Schoko 3;2.99;1;3.33;name:snack brand:snack;Snack Zitronen, Schale;Lemon Snack;250 g (9,96 € / 1 kg);2.49;2070000702943;https://produkte.globus.de/obst-gemuese/frisches-obst/zitrusfruechte/2070000702943/snack-zitronen-schale
;Snack Minis Schoko 3;2.99;2;3.33;name:snack brand:snack;Frucht Snack Soft Ingwer;Farmer's Snack;0,2 kg (19,95 € / 1 kg);3.99;4010442421154;https://produkte.globus.de/obst-gemuese/trockenobst-nuesse-kerne/trockenobst/4010442421154/frucht-snack-soft-ingwer
;Snack Minis Schoko 3;2.99;3;3.33;name:snack brand:snack;Frucht Snack Cranberries;Farmer's Snack;0,2 kg (19,95 € / 1 kg);3.99;4010442455050;https://produkte.globus.de/obst-gemuese/trockenobst-nuesse-kerne/trockenobst/4010442455050/frucht-snack-cranberries
;T?rt SchokBrownie 40;2.99;-;;no candidate;;;;;;
;Tempo Box Duo;3.69;1;1.33;name:duo;Weichkäse-Scheiben, cremig-zartes Duo;Géramont;0,14 kg (14,21 € / 1 kg);;3090291118468;https://produkte.globus.de/milchprodukte-eier/kaese/kaesescheiben/3090291118468/weichkaese-scheiben-cremig-zartes-duo
;Tempo Box Duo;3.69;2;1.33;name:duo;Käsescheiben Duo, Classic & Caractére;Fol Epi;0,12 kg (12,42 € / 1 kg);1.49;3090291122809;https://produkte.globus.de/milchprodukte-eier/kaese/kaesescheiben/3090291122809/kaesescheiben-duo-classic-caractere
;Tempo Box Duo;3.69;3;1.33;name:duo;Klleiner Duo Kuchensnack;Dr. Oetker;0,14 kg (17,79 € / 1 kg);2.49;4000521037352;https://produkte.globus.de/brot-backwaren-fruehstueck/brot-backwaren/backwaren/4000521037352/klleiner-duo-kuchensnack
y;Tomaten San Marzano;0.57;1;2.67;name:marzano+san;Flaschentomaten San Marzano, lose;;1 kg (4,99 € / 1 kg);4.99;2002085217005;https://produkte.globus.de/obst-gemuese/frisches-gemuese/tomaten/2002085217005/flaschentomaten-san-marzano-lose
;Tomaten San Marzano;0.57;2;1.33;name:tomaten;Kumato Tomaten, lose;;1 kg (4,99 € / 1 kg);4.99;2000489760004;https://produkte.globus.de/obst-gemuese/frisches-gemuese/tomaten/2000489760004/kumato-tomaten-lose
;Tomaten San Marzano;0.57;3;1.33;name:tomaten;Tomaten getrocknet, Schale;;0,2 kg (14,95 € / 1 kg);2.99;2070000094543;https://produkte.globus.de/obst-gemuese/frisches-gemuese/tomaten/2070000094543/tomaten-getrocknet-schale
;Valle Secreto Verdot;7.0;-;;no candidate;;;;;;
y;Weizenbr?tchen 10er;1.39;1;3.83;name:10er size:10piece price:1.39;Weizenbrötchen ,10er (10x 1,000 Stück);GLOBUS Meisterbäckerei;10 Stk (0,14 € / 1 Stk);1.39;2001609657037;https://produkte.globus.de/brot-backwaren-fruehstueck/meisterbaeckerei/brot-broetchen/2001609657037/weizenbroetchen-10er-10x-1-000-stueck
;Weizenbr?tchen 10er;1.39;2;3.33;name:10er size:10piece;Vanillinzucker 10er;RUF;10 Stk (0,03 € / 1 Stk);0.26;40352817;https://produkte.globus.de/brot-backwaren-fruehstueck/backzutaten/klassische-backzutaten/40352817/vanillinzucker-10er
;Weizenbr?tchen 10er;1.39;3;1.33;name:10er;Frischkäse Brotaufstrich mit Sahne, 10er;Kiri;0,18 kg (22,17 € / 1 kg);3.99;3073780148030;https://produkte.globus.de/milchprodukte-eier/kaese/frischkaese/3073780148030/frischkaese-brotaufstrich-mit-sahne-10er
;ff Cracker Chilli NP;1.25;1;2.0;name:chilli;Beemster Chilli, Holländischer Schnittkäse;Beemster;1 kg (19,90 € / 1 kg);19.9;282115;https://produkte.globus.de/milchprodukte-eier/kaesetheke/schnittkaese/282115/beemster-chilli-hollaendischer-schnittkaese
;ff Cracker Chilli NP;1.25;2;2.0;name:chilli;Fromager d'affinois Paprika Chilli;GLOBUS Käsetheke;1 kg (27,90 € / 1 kg);27.9;282133;https://produkte.globus.de/milchprodukte-eier/kaese/weichkaese/282133/fromager-d-affinois-paprika-chilli
;ff Cracker Chilli NP;1.25;3;2.0;name:cracker;High Protein Linsen Cracker, Tomate & Paprika;Reis-Fit;0,04 kg (49,75 € / 1 kg);1.99;4006237642507;https://produkte.globus.de/brot-backwaren-fruehstueck/brot-backwaren/knaeckebrot-reiswaffeln-zwieback/4006237642507/high-protein-linsen-cracker-tomate-paprika